[
	{  
   		"course_id": 11111,
   		"lesson_id": 121,
   		"para_data": "<p>Question: Based off the First Lesson, Please Create a HTML element with the largest heading tag, the content of the HTML element should be Hello World</p>",
		"answer":"<h1>Hello World</h1>",
		"heading":"h1"
	},
	{
                "course_id": 11111,
                "lesson_id": 122,
                "para_data": "Question:<p> Welcome to Excercise 2</p>",
		"answer":"<script> </script>",
		"heading":"h2"
        },
	 {
                "course_id": 11111,
                "lesson_id": 123,
                "para_data": "Question:<p> Welcome to Excercise 3</p>",
                "answer":"<script> </script>",
                "heading":"h2"
        },
	{
                "course_id": 11111,
                "lesson_id": 124,
                "para_data": "Question:<p> Welcome to Excercise 4</p>",
                "answer":"<script> </script>",
                "heading":"h2"
        },
	{
                "course_id": 11111,
                "lesson_id": 125,
                "para_data": "Question:<p> Welcome to Excercise 5</p>",
                "answer":"<script> </script>",
                "heading":"h2"
        },
	{
                "course_id": 20001,
                "lesson_id": 221,
                "para_data": "Question:<p> Welcome to Excercise 1</p>",
                "answer":"<script> </script>",
                "heading":"h2"
        },
	{
                "course_id": 20001,
                "lesson_id": 222,
                "para_data": "Question:<p> Welcome to Excercise 2</p>",
                "answer":"<script> </script>",
                "heading":"h2"
        },
	{
                "course_id": 20001,
                "lesson_id": 223,
                "para_data": "Question:<p> Welcome to Excercise 3</p>",
                "answer":"<script> </script>",
                "heading":"h2"
        },
	{
                "course_id": 20001,
                "lesson_id": 224,
                "para_data": "Question:<p> Welcome to Excercise 4</p>",
                "answer":"<script> </script>",
                "heading":"h2"
        },
	{
                "course_id": 20001,
                "lesson_id": 225,
                "para_data": "Question:<p> Welcome to Excercise 5</p>",
                "answer":"<script> </script>",
                "heading":"h2"
        }




]
