[
	{
		"lesson_id":231,
		"quiz":
			{
				"CSS question 1": ["Answer 1", "Answer2", "Answer3", "Answer4"],
				"CSS question 2":["Answer 1", "Answer 2", "Answer3", "Answer 4"],
				"CSS question 3": ["Answer 1", "Answer2", "Answer3", "Answer4"],
				"CSS question 4": ["Answer 1", "Answer2", "Answer3", "Answer4"],
				"CSS question 5": ["Answer 1", "Answer2", "Answer3", "Answer4"],
				"CSS question 6": ["Answer 1", "Answer2", "Answer3", "Answer4"],
				"CSS question 7": ["Answer 1", "Answer2", "Answer3", "Answer4"]
			}
	}
]
