[
	{
		"lesson_id":331,
		"quiz":
			{
				"Javascript question 1": ["Answer 1", "Answer2", "Answer3", "Answer4"],
				"Javascript question 2":["Answer 1", "Answer 2", "Answer3", "Answer 4"],
				"Javascript question 3": ["Answer 1", "Answer2", "Answer3", "Answer4"],
				"Javascript question 4": ["Answer 1", "Answer2", "Answer3", "Answer4"],
				"Javascript question 5": ["Answer 1", "Answer2", "Answer3", "Answer4"],
				"Javascript question 6": ["Answer 1", "Answer2", "Answer3", "Answer4"],
				"Javascript question 7": ["Answer 1", "Answer2", "Answer3", "Answer4"]
			}
	}
]
